,precision,recall,f1-score,support
0,0.4782608695652174,0.7333333333333333,0.5789473684210527,30.0
1,0.6363636363636364,0.3684210526315789,0.4666666666666667,38.0
accuracy,0.5294117647058824,0.5294117647058824,0.5294117647058824,0.5294117647058824
macro avg,0.5573122529644269,0.5508771929824561,0.5228070175438597,68.0
weighted avg,0.566612415717275,0.5294117647058824,0.5162022703818369,68.0
