,precision,recall,f1-score,support
0,0.0,0.0,0.0,6.0
1,0.8333333333333334,1.0,0.9090909090909091,30.0
accuracy,0.8333333333333334,0.8333333333333334,0.8333333333333334,0.8333333333333334
macro avg,0.4166666666666667,0.5,0.45454545454545453,36.0
weighted avg,0.6944444444444444,0.8333333333333334,0.7575757575757576,36.0
