,precision,recall,f1-score,support
0,0.36363636363636365,0.48,0.41379310344827586,25.0
1,0.5,0.38235294117647056,0.4333333333333333,34.0
accuracy,0.423728813559322,0.423728813559322,0.423728813559322,0.423728813559322
macro avg,0.4318181818181818,0.43117647058823527,0.4235632183908046,59.0
weighted avg,0.44221879815100157,0.423728813559322,0.42505357490746154,59.0
