,precision,recall,f1-score,support
0,0.47248846290379837,0.5298566878980892,0.4995308688309251,2512.0
1,0.6075108009305417,0.5515992757996379,0.578206547524909,3314.0
accuracy,0.5422245108135942,0.5422245108135942,0.5422245108135942,0.5422245108135942
macro avg,0.53999963191717,0.5407279818488635,0.5388687081779171,5826.0
weighted avg,0.5492931364741086,0.5422245108135942,0.5442839067972591,5826.0
