,precision,recall,f1-score,support
0,0.6674259681093394,0.6168421052631579,0.6411378555798687,475.0
1,0.5528255528255528,0.6064690026954178,0.5784061696658097,371.0
accuracy,0.6122931442080378,0.6122931442080378,0.6122931442080378,0.6122931442080378
macro avg,0.6101257604674462,0.6116555539792878,0.6097720126228392,846.0
weighted avg,0.6171697576243692,0.6122931442080378,0.6136278609296135,846.0
