,precision,recall,f1-score,support
0,0.8838475499092558,0.9898373983739838,0.9338446788111217,492.0
1,0.16666666666666666,0.015384615384615385,0.028169014084507043,65.0
accuracy,0.8761220825852782,0.8761220825852782,0.8761220825852782,0.8761220825852782
macro avg,0.5252571082879612,0.5026110068792996,0.48100684644781433,557.0
weighted avg,0.8001549872328315,0.8761220825852782,0.8281554181159152,557.0
