,precision,recall,f1-score,support
0,0.2978723404255319,0.8235294117647058,0.4375,17.0
1,0.953125,0.648936170212766,0.7721518987341771,94.0
accuracy,0.6756756756756757,0.6756756756756757,0.6756756756756757,0.6756756756756757
macro avg,0.625498670212766,0.7362327909887358,0.6048259493670886,111.0
weighted avg,0.8527709890741806,0.6756756756756757,0.7208989052343482,111.0
