,precision,recall,f1-score,support
0,0.9701492537313433,0.9285714285714286,0.948905109489051,70.0
1,0.9586776859504132,0.9830508474576272,0.9707112970711298,118.0
accuracy,0.9627659574468085,0.9627659574468085,0.9627659574468085,0.9627659574468085
macro avg,0.9644134698408783,0.9558111380145279,0.9598082032800904,188.0
weighted avg,0.962949014379483,0.9627659574468085,0.9625919719075898,188.0
