,precision,recall,f1-score,support
0,0.9444444444444444,0.9714285714285714,0.9577464788732395,70.0
1,0.9827586206896551,0.9661016949152542,0.9743589743589743,118.0
accuracy,0.9680851063829787,0.9680851063829787,0.9680851063829787,0.9680851063829787
macro avg,0.9636015325670497,0.9687651331719128,0.966052726616107,188.0
weighted avg,0.9684927040026086,0.9680851063829787,0.9681734707206687,188.0
