,precision,recall,f1-score,support
0,0.9523809523809523,0.8888888888888888,0.9195402298850575,45.0
1,0.9305555555555556,0.9710144927536232,0.9503546099290779,69.0
accuracy,0.9385964912280702,0.9385964912280702,0.9385964912280702,0.9385964912280702
macro avg,0.941468253968254,0.929951690821256,0.9349474199070678,114.0
weighted avg,0.9391708437761068,0.9385964912280702,0.9381910388590698,114.0
