,precision,recall,f1-score,support
0,0.8947368421052632,0.918918918918919,0.9066666666666667,37.0
1,0.9605263157894737,0.948051948051948,0.9542483660130718,77.0
accuracy,0.9385964912280702,0.9385964912280702,0.9385964912280702,0.9385964912280702
macro avg,0.9276315789473684,0.9334854334854334,0.9304575163398693,114.0
weighted avg,0.939173591874423,0.9385964912280702,0.9388051828918702,114.0
