,precision,recall,f1-score,support
0,0.918918918918919,0.85,0.8831168831168831,40.0
1,0.922077922077922,0.9594594594594594,0.9403973509933775,74.0
accuracy,0.9210526315789473,0.9210526315789473,0.9210526315789473,0.9210526315789473
macro avg,0.9204984204984206,0.9047297297297296,0.9117571170551303,114.0
weighted avg,0.9209694999168684,0.9210526315789473,0.9202989412121514,114.0
