,precision,recall,f1-score,support
0,0.9090909090909091,0.9523809523809523,0.9302325581395349,42.0
1,0.9714285714285714,0.9444444444444444,0.9577464788732395,72.0
accuracy,0.9473684210526315,0.9473684210526315,0.9473684210526315,0.9473684210526315
macro avg,0.9402597402597402,0.9484126984126984,0.9439895185063871,114.0
weighted avg,0.9484620642515378,0.9473684210526315,0.9476097712345062,114.0
