,precision,recall,f1-score,support
0,0.9820359281437125,1.0,0.9909365558912386,164.0
1,0.0,0.0,0.0,3.0
accuracy,0.9820359281437125,0.9820359281437125,0.9820359281437125,0.9820359281437125
macro avg,0.49101796407185627,0.5,0.4954682779456193,167.0
weighted avg,0.964394564165083,0.9820359281437125,0.9731353003961863,167.0
