,precision,recall,f1-score,support
0,0.9840546697038725,1.0,0.9919632606199771,432.0
1,0.0,0.0,0.0,7.0
accuracy,0.9840546697038725,0.9840546697038725,0.9840546697038725,0.9840546697038725
macro avg,0.4920273348519362,0.5,0.49598163030998854,439.0
weighted avg,0.9683635929659975,0.9840546697038725,0.9761460787877679,439.0
