,precision,recall,f1-score,support
0,0.9908883826879271,1.0,0.9954233409610984,435.0
1,0.0,0.0,0.0,4.0
accuracy,0.9908883826879271,0.9908883826879271,0.9908883826879271,0.9908883826879271
macro avg,0.49544419134396356,0.5,0.4977116704805492,439.0
weighted avg,0.9818597869458959,0.9908883826879271,0.9863534244147559,439.0
