,precision,recall,f1-score,support
0,0.6894409937888198,0.9736842105263158,0.8072727272727273,114.0
1,0.85,0.2537313432835821,0.39080459770114945,67.0
accuracy,0.7071823204419889,0.7071823204419889,0.7071823204419889,0.7071823204419889
macro avg,0.7697204968944099,0.6137077769049489,0.5990386624869384,181.0
weighted avg,0.7488744380769362,0.7071823204419889,0.6531104914644636,181.0
