,precision,recall,f1-score,support
0,0.8235294117647058,0.9655172413793104,0.888888888888889,29.0
1,0.9230769230769231,0.6666666666666666,0.7741935483870968,18.0
accuracy,0.851063829787234,0.851063829787234,0.851063829787234,0.851063829787234
macro avg,0.8733031674208145,0.8160919540229885,0.8315412186379929,47.0
weighted avg,0.8616539905651296,0.851063829787234,0.8449630138030962,47.0
