,precision,recall,f1-score,support
0,0.6770186335403726,0.9159663865546218,0.7785714285714285,119.0
1,0.6,0.22388059701492538,0.32608695652173914,67.0
accuracy,0.6666666666666666,0.6666666666666666,0.6666666666666666,0.6666666666666666
macro avg,0.6385093167701863,0.5699234917847736,0.5523291925465839,186.0
weighted avg,0.6492753623188405,0.6666666666666666,0.6155797101449274,186.0
