,precision,recall,f1-score,support
0,0.5909090909090909,0.8387096774193549,0.6933333333333334,31.0
1,0.5,0.21739130434782608,0.30303030303030304,23.0
accuracy,0.5740740740740741,0.5740740740740741,0.5740740740740741,0.5740740740740741
macro avg,0.5454545454545454,0.5280504908835905,0.49818181818181817,54.0
weighted avg,0.5521885521885522,0.5740740740740741,0.5270931537598204,54.0
