,precision,recall,f1-score,support
0,0.3333333333333333,0.7142857142857143,0.4545454545454545,14.0
1,0.8571428571428571,0.5454545454545454,0.6666666666666665,44.0
accuracy,0.5862068965517241,0.5862068965517241,0.5862068965517241,0.5862068965517241
macro avg,0.5952380952380952,0.6298701298701299,0.5606060606060606,58.0
weighted avg,0.7307060755336617,0.5862068965517241,0.6154649947753394,58.0
