,precision,recall,f1-score,support
0,0.9008849557522124,1.0,0.9478584729981377,509.0
1,0.0,0.0,0.0,56.0
accuracy,0.9008849557522124,0.9008849557522124,0.9008849557522124,0.9008849557522124
macro avg,0.4504424778761062,0.5,0.4739292364990689,565.0
weighted avg,0.8115937035006657,0.9008849557522124,0.8539114385062869,565.0
