,precision,recall,f1-score,support
0,0.9233603537214443,0.9912974683544303,0.9561236169400992,1264.0
1,0.08333333333333333,0.009523809523809525,0.017094017094017092,105.0
accuracy,0.9159970781592404,0.9159970781592404,0.9159970781592404,0.9159970781592404
macro avg,0.5033468435273888,0.50041063893912,0.48660881701705816,1369.0
weighted avg,0.858931692552159,0.9159970781592404,0.8841016242565063,1369.0
