,precision,recall,f1-score,support
0,0.673355629877369,0.7813712807244502,0.7233532934131736,773.0
1,0.6419491525423728,0.5083892617449665,0.5674157303370787,596.0
accuracy,0.662527392257122,0.662527392257122,0.662527392257122,0.662527392257122
macro avg,0.6576523912098708,0.6448802712347084,0.6453845118751261,1369.0
weighted avg,0.6596826857636672,0.662527392257122,0.6554652089768312,1369.0
