,precision,recall,f1-score,support
0,0.7916666666666666,0.912,0.8475836431226765,375.0
1,0.65625,0.4117647058823529,0.5060240963855422,153.0
accuracy,0.7670454545454546,0.7670454545454546,0.7670454545454546,0.7670454545454546
macro avg,0.7239583333333333,0.6618823529411765,0.6768038697541094,528.0
weighted avg,0.7524266098484849,0.7670454545454546,0.7486090017386205,528.0
