,precision,recall,f1-score,support
0,0.7755102040816326,0.9351230425055929,0.8478701825557811,447.0
1,0.6419753086419753,0.30057803468208094,0.4094488188976378,173.0
accuracy,0.7580645161290323,0.7580645161290323,0.7580645161290323,0.7580645161290323
macro avg,0.708742756361804,0.6178505385938369,0.6286595007267094,620.0
weighted avg,0.738249660676696,0.7580645161290323,0.7255364794705249,620.0
