,precision,recall,f1-score,support
0,0.7793240556660039,0.9180327868852459,0.8430107526881722,427.0
1,0.7107438016528925,0.4365482233502538,0.540880503144654,197.0
accuracy,0.7660256410256411,0.7660256410256411,0.7660256410256411,0.7660256410256411
macro avg,0.7450339286594483,0.6772905051177498,0.6919456279164131,624.0
weighted avg,0.7576729177804543,0.7660256410256411,0.7476266835213884,624.0
