,precision,recall,f1-score,support
0,0.825,0.8918918918918919,0.8571428571428571,37.0
1,0.6666666666666666,0.5333333333333333,0.5925925925925926,15.0
accuracy,0.7884615384615384,0.7884615384615384,0.7884615384615384,0.7884615384615384
macro avg,0.7458333333333333,0.7126126126126127,0.7248677248677249,52.0
weighted avg,0.7793269230769231,0.7884615384615384,0.7808302808302808,52.0
