,precision,recall,f1-score,support
0,0.8288973384030418,0.923728813559322,0.87374749498998,472.0
1,0.4626865671641791,0.256198347107438,0.3297872340425531,121.0
accuracy,0.7875210792580101,0.7875210792580101,0.7875210792580101,0.7875210792580101
macro avg,0.6457919527836105,0.58996358033338,0.6017673645162666,593.0
weighted avg,0.754173049499328,0.7875210792580101,0.7627539172924442,593.0
