,precision,recall,f1-score,support
0,0.8486486486486486,0.9401197604790419,0.8920454545454546,167.0
1,0.6428571428571429,0.391304347826087,0.4864864864864865,46.0
accuracy,0.8215962441314554,0.8215962441314554,0.8215962441314554,0.8215962441314554
macro avg,0.7457528957528958,0.6657120541525644,0.6892659705159705,213.0
weighted avg,0.804205412656117,0.8215962441314554,0.8044599497064286,213.0
