,precision,recall,f1-score,support
0,0.7585421412300684,0.9327731092436975,0.8366834170854273,357.0
1,0.7303370786516854,0.38011695906432746,0.5,171.0
accuracy,0.7537878787878788,0.7537878787878788,0.7537878787878788,0.7537878787878788
macro avg,0.7444396099408769,0.6564450341540125,0.6683417085427137,528.0
weighted avg,0.7494075470995694,0.7537878787878788,0.7276439013248059,528.0
