,precision,recall,f1-score,support
0,0.7697368421052632,0.6223404255319149,0.6882352941176471,188.0
1,0.0,0.0,0.0,16.0
97,0.8453389830508474,0.95,0.8946188340807174,420.0
accuracy,0.8269230769230769,0.8269230769230769,0.8269230769230769,0.8269230769230769
macro avg,0.5383586083853702,0.524113475177305,0.5276180427327882,624.0
weighted avg,0.8008860564056817,0.8269230769230769,0.8095002333461842,624.0
