,precision,recall,f1-score,support
0,0.6627906976744186,0.34545454545454546,0.4541832669322709,165.0
1,0.0,0.0,0.0,17.0
97,0.7790262172284644,0.9497716894977168,0.8559670781893003,438.0
accuracy,0.7629032258064516,0.7629032258064516,0.7629032258064516,0.7629032258064516
macro avg,0.480605638300961,0.4317420783174208,0.4367167817071904,620.0
weighted avg,0.7267321746166878,0.7629032258064516,0.7255706762753842,620.0
