,precision,recall,f1-score,support
0,0.7481481481481481,0.6047904191616766,0.6688741721854304,167.0
1,0.0,0.0,0.0,17.0
97,0.8618556701030928,0.9587155963302753,0.9077090119435397,436.0
accuracy,0.8370967741935483,0.8370967741935483,0.8370967741935483,0.8370967741935483
macro avg,0.5366679394170802,0.5211686718306506,0.5255277280429901,620.0
weighted avg,0.8075964724285309,0.8370967741935483,0.818488896713468,620.0
