,precision,recall,f1-score,support
0,0.638095238095238,0.39880952380952384,0.4908424908424909,168.0
1,0.0,0.0,0.0,16.0
97,0.7861271676300579,0.9272727272727272,0.8508863399374349,440.0
accuracy,0.7612179487179487,0.7612179487179487,0.7612179487179487,0.7612179487179487
macro avg,0.474740801908432,0.442027417027417,0.4472429435933086,624.0
weighted avg,0.7261153105083741,0.7612179487179487,0.7321338590288619,624.0
