,precision,recall,f1-score,support
0,0.5714285714285714,0.423841059602649,0.48669201520912553,151.0
1,0.0,0.0,0.0,21.0
97,0.814453125,0.922566371681416,0.8651452282157676,452.0
accuracy,0.7708333333333334,0.7708333333333334,0.7708333333333334,0.7708333333333334
macro avg,0.46196056547619047,0.44880247709468835,0.45061241447496436,624.0
weighted avg,0.7282348185668498,0.7708333333333334,0.744448938221322,624.0
